{
  "project_info": {
    "project_number": "1040287877391",
    "project_id": "dispositivosmoviles-7a365",
    "storage_bucket": "dispositivosmoviles-7a365.appspot.com"
  },
  "client": [
    {
      "client_info": {
        "mobilesdk_app_id": "1:1040287877391:android:fdbc7364be1fa400e6d67a",
        "android_client_info": {
          "package_name": "com.dmp.deltanews"
        }
      },
      "oauth_client": [
        {
          "client_id": "1040287877391-ua0lcb42h67gf9qhimrmtfrc115nsaa7.apps.googleusercontent.com",
          "client_type": 3
        }
      ],
      "api_key": [
        {
          "current_key": "AIzaSyA_ePePdOV_g3TFOLnK0_3iipEHiYFtEPk"
        }
      ],
      "services": {
        "appinvite_service": {
          "other_platform_oauth_client": [
            {
              "client_id": "1040287877391-ua0lcb42h67gf9qhimrmtfrc115nsaa7.apps.googleusercontent.com",
              "client_type": 3
            }
          ]
        }
      }
    }
  ],
  "configuration_version": "1"
}